key,er_median_pct,er_mean_pct,er_std_pct,n_semaines
Knafo,11.5324,32.6573,54.3881,57
Brossat,6.4231,7.3141,3.9908,55
Chikirou,4.0932,5.5752,4.557,51
Mariani,3.118,4.8901,5.8853,54
Bournazel,2.2778,2.7668,1.4231,57
Gregoire,1.1613,1.4519,0.8961,57
Belliard,0.8571,1.5031,1.1661,43
Dati,0.6034,0.8968,0.8202,53
